id,Nombre,Edad,Departamento,Salario
1,Chariot,61,Legal,8740
2,Aeriel,29,Product Management,26545
3,Alissa,23,Support,49199
4,Dwight,37,Human Resources,17936
5,Anthony,41,Product Management,8826
6,Emmie,41,Support,15438
7,Annalee,56,Business Development,19853
8,Starla,20,Marketing,34258
9,Hervey,28,Research and Development,49497
10,Beret,22,Marketing,8819
11,Cyb,64,Services,9705
12,Edgardo,59,Legal,45601
13,Sandra,68,Business Development,32705
14,Ranique,38,Accounting,25160
15,Cordula,54,Services,35898
16,Fonz,44,Accounting,25730
17,Vassily,64,Services,14814
18,Jillian,18,Training,46449
19,Jacques,50,Accounting,42077
20,Luce,45,Research and Development,40489
21,Darren,53,Human Resources,6178
22,Thorn,57,Business Development,36645
23,Field,69,Legal,18891
24,Meredith,18,Human Resources,23837
25,Nolie,43,Services,4080
26,Barby,36,Legal,14026
27,Maude,22,Services,48749
28,Stanley,25,Sales,11788
29,Traci,45,Legal,40224
30,Jose,45,Sales,46931
31,Elinor,57,Support,27729
32,Guilbert,51,Legal,36658
33,Erma,65,Sales,26018
34,Keely,39,Engineering,18063
35,Waylon,39,Business Development,39063
36,Nial,36,Legal,38438
37,Kelly,30,Accounting,33377
38,Kirby,33,Research and Development,16916
39,Alida,62,Engineering,37521
40,Ramona,35,Support,22783
41,Burr,35,Research and Development,20112
42,Benyamin,18,Support,19678
43,Godfry,38,Training,31319
44,Maddy,52,Marketing,20336
45,Ellette,39,Business Development,24547
46,Janice,34,Services,42505
47,Flem,50,Marketing,30793
48,Ignazio,67,Sales,11510
49,Lyn,21,Training,8240
50,Lyndel,32,Sales,33706
51,Pascale,41,Marketing,13453
52,Juditha,19,Human Resources,45814
53,Estrella,21,Marketing,35615
54,Sally,24,Marketing,10106
55,Blanca,32,Human Resources,10861
56,Nickie,68,Marketing,9351
57,Britt,28,Human Resources,25627
58,Christopher,67,Accounting,34692
59,Row,37,Human Resources,43067
60,Drusy,54,Services,20396
61,Ronni,23,Research and Development,37119
62,Skell,40,Product Management,32913
63,Leese,32,Product Management,29447
64,Rea,23,Legal,7480
65,Olvan,58,Accounting,5898
66,Lucho,48,Business Development,5080
67,Fredericka,52,Product Management,7298
68,Frans,64,Services,22149
69,Dore,30,Training,27685
70,Mozes,24,Marketing,49389
71,Bobette,62,Training,39174
72,Silvie,59,Sales,43486
73,Viviene,67,Legal,16975
74,Taylor,62,Legal,37314
75,Sanderson,20,Engineering,26667
76,Kristen,18,Sales,29076
77,Pamella,25,Engineering,5189
78,Clementius,30,Engineering,48740
79,Gerri,60,Engineering,9587
80,Hadleigh,34,Accounting,49849
81,Alonso,29,Support,11989
82,Glen,53,Sales,12925
83,Trev,67,Accounting,15314
84,Oswell,30,Marketing,28851
85,Chadwick,57,Services,9230
86,Ayn,69,Training,3522
87,Stesha,55,Marketing,9488
88,Rutledge,44,Marketing,21876
89,Fiorenze,27,Sales,6529
90,Dennison,37,Training,18940
91,Thaddeus,30,Training,33226
92,Sutherland,20,Support,34957
93,Sergent,30,Sales,12998
94,Kim,58,Research and Development,39564
95,Stacee,23,Legal,15046
96,Marguerite,46,Product Management,3500
97,Darlene,28,Marketing,44092
98,Damita,67,Services,14572
99,Ingrid,46,Sales,45335
100,Phebe,48,Training,18051
101,Aaron,48,Support,6023
102,Barnebas,29,Legal,42334
103,Audrye,53,Business Development,26570
104,Maye,52,Business Development,44797
105,Morena,19,Accounting,24398
106,Robina,31,Legal,31492
107,Warren,32,Services,12783
108,Florenza,40,Training,22438
109,Adrianna,48,Marketing,17390
110,Arnoldo,30,Human Resources,24587
111,Barrie,33,Legal,36440
112,Frasier,63,Legal,21744
113,Austine,53,Engineering,29882
114,Borg,30,Marketing,29709
115,Benjamen,61,Services,6608
116,Cordula,38,Accounting,46594
117,Linea,22,Marketing,9704
118,Abie,33,Research and Development,34248
119,Reade,29,Business Development,38707
120,Isaak,18,Support,6737
121,Reynold,23,Accounting,11046
122,Dalila,31,Research and Development,4260
123,Danice,64,Research and Development,11114
124,Gregor,51,Marketing,49598
125,Mark,36,Human Resources,38927
126,Blanche,34,Human Resources,23984
127,Susi,59,Legal,28460
128,Ferdy,18,Sales,35556
129,Vinni,67,Business Development,6021
130,Fitzgerald,19,Legal,15273
131,Jacinthe,32,Business Development,10730
132,Cherin,27,Support,11931
133,Jobye,65,Product Management,41690
134,Carlita,23,Business Development,40693
135,Sly,57,Services,40598
136,Rose,39,Support,15333
137,Livvyy,67,Support,12518
138,Gram,25,Legal,46693
139,Belvia,65,Marketing,32486
140,Willard,19,Training,16883
141,Kristoffer,60,Research and Development,13637
142,Beulah,22,Training,42633
143,Korie,20,Business Development,44723
144,Thorstein,55,Product Management,23955
145,Kathryne,18,Accounting,25974
146,Skye,32,Business Development,12661
147,Marigold,18,Support,41667
148,Trixi,20,Research and Development,42576
149,Hortensia,25,Accounting,42342
150,Alvira,22,Support,34955
151,Cal,54,Product Management,45930
152,Eimile,66,Training,29401
153,Edy,18,Product Management,46703
154,Albie,35,Product Management,25191
155,Arielle,52,Accounting,17483
156,Virgie,63,Marketing,44642
157,Elene,24,Engineering,16163
158,Dietrich,35,Support,22805
159,Dory,52,Accounting,48897
160,Jo ann,59,Accounting,25608
161,Celina,32,Legal,15013
162,Byram,22,Business Development,29440
163,Kamillah,44,Research and Development,45964
164,Lothaire,36,Business Development,25108
165,Hedvige,57,Support,39740
166,Bertrando,56,Research and Development,21519
167,Andriette,64,Product Management,37988
168,Charlot,70,Engineering,18003
169,Yuri,49,Human Resources,19364
170,Georgie,39,Human Resources,25675
171,Tarah,27,Legal,6939
172,Morgen,25,Marketing,47547
173,Tony,29,Support,23017
174,Burk,26,Product Management,48594
175,Vasily,31,Sales,31110
176,Jennifer,29,Services,24497
177,Aretha,36,Product Management,12785
178,Henryetta,23,Engineering,36132
179,Debra,26,Sales,3214
180,Grady,57,Services,25967
181,Marthe,25,Engineering,48429
182,Tallie,43,Marketing,25297
183,Del,42,Product Management,47645
184,Benedetta,52,Marketing,33718
185,Melisenda,50,Training,16830
186,Ferdinande,32,Product Management,48829
187,Cass,54,Business Development,25634
188,Anders,66,Research and Development,38207
189,Dee dee,24,Legal,22582
190,Chariot,43,Research and Development,24649
191,Hayyim,46,Services,42057
192,Sydelle,18,Research and Development,20165
193,Justinian,36,Marketing,23485
194,Gregoire,54,Business Development,12297
195,Niven,39,Legal,44519
196,Odie,47,Training,49389
197,Egor,33,Training,27973
198,Brandtr,50,Business Development,37260
199,Alina,18,Support,18059
200,Franky,53,Product Management,29351
201,Galven,19,Engineering,19100
202,Sayre,21,Training,26775
203,Marcus,67,Services,44491
204,Bealle,20,Support,37132
205,Teodora,36,Human Resources,26561
206,Ginni,43,Accounting,20104
207,Lonna,68,Sales,26236
208,Andreas,39,Product Management,6673
209,Meredith,18,Marketing,21050
210,Sacha,47,Sales,20218
211,Drucy,47,Engineering,18774
212,Shannan,44,Product Management,34811
213,Ber,29,Engineering,6472
214,Tarah,48,Sales,48526
215,Gav,50,Services,28322
216,Amalita,68,Legal,32531
217,Ken,69,Product Management,11000
218,Winn,49,Business Development,7049
219,Colleen,53,Support,46341
220,Angela,53,Sales,37666
221,Gunner,18,Accounting,27306
222,Ferdie,21,Research and Development,3569
223,Xena,31,Sales,48196
224,Deanne,49,Services,44296
225,Jermayne,47,Business Development,29692
226,Hannis,46,Engineering,13885
227,Goddard,66,Marketing,34571
228,Wynn,56,Engineering,8779
229,Sancho,36,Human Resources,45496
230,Rowland,40,Support,36637
231,Gretal,65,Accounting,37574
232,Barry,50,Accounting,11932
233,Merle,56,Accounting,23095
234,Etan,46,Support,25972
235,Jozef,23,Human Resources,14598
236,Ealasaid,38,Accounting,17188
237,Normy,19,Research and Development,43863
238,Abba,33,Legal,26857
239,Ardene,63,Legal,6826
240,Libby,35,Marketing,25233
241,Pam,43,Product Management,36018
242,Hurlee,19,Legal,36268
243,Welby,59,Services,6255
244,Reagan,38,Engineering,27720
245,Cynthie,41,Training,16378
246,Cordie,28,Business Development,46890
247,Carlina,69,Services,9963
248,Shelden,27,Sales,34049
249,Trude,53,Accounting,41975
250,Deanne,40,Human Resources,43735
251,Roderigo,39,Training,48348
252,Viv,66,Business Development,28511
253,Florella,39,Human Resources,18966
254,Ashby,27,Research and Development,36895
255,Georgianne,69,Business Development,19744
256,Vic,47,Marketing,19219
257,Lulu,40,Research and Development,37554
258,Priscilla,45,Engineering,35788
259,Forrester,59,Business Development,16717
260,Stephine,43,Research and Development,9882
261,Kalle,52,Product Management,29107
262,Gan,53,Accounting,16465
263,Atlanta,42,Marketing,15846
264,Reinald,58,Human Resources,17270
265,Guthrie,53,Legal,47083
266,Adamo,55,Legal,43850
267,Marwin,43,Business Development,25518
268,Kimbell,54,Services,32803
269,Grethel,52,Business Development,47374
270,Jamaal,20,Business Development,17278
271,Giordano,56,Product Management,12866
272,Isidro,63,Accounting,47650
273,Ody,25,Training,24298
274,Boyce,43,Engineering,49458
275,Giordano,41,Marketing,45516
276,Fonz,47,Services,49445
277,Nerita,38,Human Resources,16456
278,Cassandry,50,Sales,13279
279,Vivianne,57,Engineering,47548
280,Abdul,56,Marketing,26528
281,Karlik,27,Human Resources,33941
282,Trev,39,Support,17296
283,Nev,45,Human Resources,33095
284,Victoir,26,Support,43218
285,Toddie,57,Product Management,15664
286,Barbra,28,Training,24935
287,Ddene,66,Product Management,43100
288,Gill,43,Engineering,22429
289,Dilan,54,Training,40757
290,Edward,28,Services,12509
291,Dannel,28,Marketing,12784
292,Cleveland,55,Research and Development,36348
293,Halie,59,Engineering,46730
294,Van,34,Human Resources,20683
295,Shelly,28,Engineering,3064
296,Christiano,69,Product Management,38730
297,Alonso,24,Business Development,35718
298,Trisha,28,Services,27589
299,Manya,61,Support,15025
300,Misti,23,Human Resources,13220
301,Elli,23,Business Development,39733
302,Maison,66,Business Development,42320
303,Walt,45,Legal,3124
304,Livvy,34,Support,41729
305,Doralia,63,Human Resources,36158
306,Tine,36,Accounting,49129
307,Saunder,55,Product Management,15481
308,Sigvard,61,Support,42575
309,Lyndell,52,Services,16800
310,Giuseppe,33,Accounting,46611
311,Skylar,47,Marketing,47674
312,Mace,34,Support,39347
313,Alberta,55,Product Management,41983
314,Shadow,52,Support,7314
315,Wendi,68,Marketing,40570
316,Grady,20,Training,9431
317,Idell,36,Research and Development,43145
318,Kleon,65,Services,33991
319,Amelita,35,Human Resources,22029
320,Shepperd,53,Sales,24318
321,Claus,52,Training,27934
322,Alvin,51,Services,24737
323,Donetta,44,Accounting,44347
324,Doroteya,46,Training,3499
325,Newton,70,Services,14211
326,Wally,41,Product Management,25673
327,Patti,43,Research and Development,21550
328,Meredithe,35,Marketing,4479
329,Morry,53,Marketing,6386
330,Kendra,36,Services,30222
331,Patrizia,50,Services,14123
332,Johny,22,Accounting,7474
333,Patin,65,Marketing,8744
334,Eleanora,47,Engineering,37336
335,Krista,38,Marketing,7795
336,Waly,37,Research and Development,6604
337,Kori,32,Research and Development,31973
338,Marylynne,19,Human Resources,3120
339,Mireielle,45,Legal,5412
340,Neda,23,Marketing,19717
341,Finley,28,Accounting,13257
342,Wilt,21,Sales,25366
343,Heddie,19,Marketing,47881
344,Fanchon,51,Research and Development,30343
345,Yance,38,Services,10007
346,Averil,70,Research and Development,29792
347,Lenore,63,Sales,30351
348,Silvan,51,Research and Development,23133
349,Herby,46,Legal,48065
350,Raymund,51,Product Management,15524
351,Olivia,59,Engineering,21306
352,Ally,51,Product Management,41870
353,Dag,65,Sales,20122
354,Rori,56,Support,33652
355,Moll,32,Support,5252
356,Latrina,46,Marketing,14750
357,Cordy,60,Legal,29897
358,Maible,39,Engineering,43098
359,Tiebout,38,Legal,47030
360,Salim,48,Sales,6955
361,Normie,55,Research and Development,38201
362,Colver,67,Support,9102
363,Pamella,28,Training,22862
364,George,18,Legal,36364
365,Fons,45,Sales,35730
366,Josee,53,Business Development,27144
367,Ervin,45,Business Development,17340
368,West,45,Product Management,32173
369,Catha,46,Engineering,12217
370,Rusty,56,Services,43018
371,Aloysius,53,Human Resources,27274
372,Elwira,39,Support,48960
373,Lazare,70,Human Resources,25897
374,Wilhelmina,45,Sales,28429
375,Tybalt,47,Marketing,4255
376,Foss,31,Legal,31031
377,Faythe,44,Human Resources,19076
378,Torrence,61,Support,3701
379,Temp,31,Accounting,44884
380,Adella,63,Marketing,4939
381,Micki,59,Engineering,46637
382,Glyn,48,Research and Development,11091
383,Andre,65,Accounting,38532
384,Rorke,25,Support,16075
385,Karlene,35,Support,32626
386,Brodie,51,Training,24890
387,Bayard,41,Services,22931
388,Alfy,37,Training,12676
389,Ebonee,30,Research and Development,30891
390,Meade,52,Accounting,16229
391,Phyllys,63,Sales,28010
392,Augie,28,Product Management,44032
393,Brook,35,Support,29864
394,Jackie,18,Business Development,10048
395,Melisse,61,Accounting,23539
396,Karlie,23,Services,44311
397,Trudi,25,Sales,41086
398,Stephani,64,Research and Development,14073
399,Odie,29,Marketing,38991
400,Thurstan,66,Legal,49835
401,Babita,43,Business Development,39927
402,Kent,52,Product Management,12169
403,Gaby,31,Product Management,18232
404,Gary,26,Product Management,37858
405,Tomlin,62,Training,18071
406,Isadora,49,Human Resources,27458
407,Katrinka,18,Human Resources,34016
408,Bayard,47,Research and Development,23182
409,Piotr,70,Support,46371
410,Veronique,20,Accounting,24682
411,Caryn,44,Human Resources,44771
412,Gallard,41,Training,15141
413,Lisetta,21,Accounting,9184
414,Jareb,38,Sales,6974
415,Yance,41,Business Development,40447
416,Evered,65,Accounting,8177
417,Gabey,24,Human Resources,21137
418,Charlean,58,Support,34840
419,Calhoun,21,Business Development,31900
420,Brandais,59,Accounting,41186
421,Lynette,24,Support,30732
422,Kellsie,30,Accounting,47638
423,Michelle,46,Research and Development,20413
424,Lorin,62,Sales,5832
425,Eartha,68,Sales,19590
426,Andrus,43,Sales,19118
427,Malva,50,Services,30676
428,Delilah,43,Business Development,3483
429,Ondrea,33,Training,40810
430,Herrick,66,Marketing,47932
431,Nealson,70,Product Management,7640
432,Karrah,27,Support,4182
433,Bel,50,Services,35698
434,Svend,50,Marketing,47971
435,Link,18,Product Management,45092
436,Ros,40,Legal,41599
437,Timoteo,22,Research and Development,30062
438,Alvina,62,Sales,24151
439,Marcella,55,Human Resources,31361
440,Ange,38,Business Development,39194
441,Porty,42,Support,15280
442,Meade,30,Engineering,38576
443,Tandie,61,Accounting,17407
444,Lenette,66,Human Resources,12530
445,Everard,37,Sales,29277
446,Madelaine,52,Engineering,23158
447,Anastasie,29,Product Management,5774
448,Chicky,23,Human Resources,38606
449,Deeanne,47,Engineering,6959
450,Myranda,31,Engineering,3480
451,Bonni,66,Business Development,41120
452,Nelli,26,Accounting,20372
453,Wadsworth,26,Services,9483
454,Alissa,69,Marketing,12914
455,Nanny,32,Research and Development,46994
456,Ray,36,Marketing,34235
457,Costanza,65,Sales,9560
458,Lannie,40,Product Management,16179
459,Nelia,18,Human Resources,37405
460,Eva,56,Research and Development,47864
461,Charmian,66,Services,31296
462,Dru,47,Human Resources,23526
463,Leoline,52,Business Development,10340
464,Jodi,31,Engineering,16034
465,Sansone,60,Marketing,20103
466,Kippy,44,Human Resources,31266
467,Virgie,46,Engineering,21984
468,Pearle,48,Services,38586
469,Donny,31,Legal,31837
470,Bianka,39,Marketing,47832
471,Wilow,66,Engineering,48345
472,Gaspard,25,Engineering,6192
473,Had,36,Human Resources,41835
474,Lishe,33,Services,24370
475,Jolee,34,Marketing,39388
476,Cody,41,Services,25512
477,Cassandra,65,Accounting,20305
478,Suzy,27,Product Management,10130
479,Kailey,46,Business Development,38705
480,Adelice,68,Services,4328
481,Isac,42,Services,48830
482,Dona,64,Support,26108
483,Dalli,65,Marketing,20647
484,Dorolisa,48,Sales,29099
485,Davon,44,Engineering,42006
486,Fabian,22,Sales,15401
487,Lonnie,44,Human Resources,41087
488,Cosette,57,Marketing,37894
489,Cindi,58,Legal,30084
490,Laureen,68,Accounting,42075
491,Barnabas,45,Human Resources,20615
492,Ramona,59,Services,28365
493,Ferguson,19,Marketing,29327
494,Helen-elizabeth,35,Research and Development,17253
495,Honor,40,Research and Development,24909
496,Dal,24,Marketing,40143
497,Jody,24,Engineering,40475
498,Maye,34,Accounting,40977
499,Carin,19,Support,6801
500,Frank,30,Accounting,34966
